Battery_kWh,Total_Cost
5500,1262812.1453304975
6000,1270058.9911402564
6500,1277083.6743843588
7000,1283867.070603529
7500,1290430.5681259064
8000,1296875.5073964437
8500,1303717.330750491
9000,1311138.125145117
9500,1318828.1638793498
10000,1326597.1575713737
